INSERT INTO USER (ID, ACTIVATED, ADRESS, BLOCKED, EMAIL, FIRST_NAME, LAST_NAME, PASSWORD, PIB, ROLE, USERNAME) VALUES (0, true, null, false, 'ksenija@gmail.com', 'Ksenija', 'Cvejic', 'ksenija', null, 'CLIENT', 'Ksenija Cvejic');
INSERT INTO USER (ID, ACTIVATED, ADRESS, BLOCKED, EMAIL, FIRST_NAME, LAST_NAME, PASSWORD, PIB, ROLE, USERNAME) VALUES (1, true, null, false, 'milica@gmail.com', 'Milica', 'Damjanovic', 'milica', null, 'CLIENT', 'Milica Damjanovic');
INSERT INTO USER (ID, ACTIVATED, ADRESS, BLOCKED, EMAIL, FIRST_NAME, LAST_NAME, PASSWORD, PIB, ROLE, USERNAME) VALUES (2, true, null, false, 'ana@gmail.com', 'Ana', 'Anic', 'ana', null, 'CLIENT', 'Ana Anic');
INSERT INTO USER (ID, ACTIVATED, ADRESS, BLOCKED, EMAIL, FIRST_NAME, LAST_NAME, PASSWORD, PIB, ROLE, USERNAME) VALUES (3, true, 'Adresa1', 'false', 'agent5@gmail.com', 'Agent5', 'Agent5', 'agent5', '55555555', 'AGENT', 'Agent5');
INSERT INTO USER (ID, ACTIVATED, ADRESS, BLOCKED, EMAIL, FIRST_NAME, LAST_NAME, PASSWORD, PIB, ROLE, USERNAME) VALUES (4, true, null, false, 'admin@gmail.com', 'Admin', 'Admin', 'admin', null , 'ADMIN', 'Admin');
INSERT INTO USER (ID, ACTIVATED, ADRESS, BLOCKED, EMAIL, FIRST_NAME, LAST_NAME, PASSWORD, PIB, ROLE, USERNAME) VALUES (5, true, 'Adresa2', 'false', 'agent1@gmail.com', 'Agent1', 'Agent1', 'agent1', '11111111', 'AGENT', 'Agent1');
INSERT INTO USER (ID, ACTIVATED, ADRESS, BLOCKED, EMAIL, FIRST_NAME, LAST_NAME, PASSWORD, PIB, ROLE, USERNAME) VALUES (6, true, 'Adresa3', 'false', 'agent2@gmail.com', 'Agent2', 'Agent2', 'agent2', '22222222', 'AGENT', 'Agent2');
INSERT INTO USER (ID, ACTIVATED, ADRESS, BLOCKED, EMAIL, FIRST_NAME, LAST_NAME, PASSWORD, PIB, ROLE, USERNAME) VALUES (7, true, 'Adresa4', 'false', 'agent3@gmail.com', 'Agent3', 'Agent3', 'agent3', '33333333', 'AGENT', 'Agent3');
INSERT INTO USER (ID, ACTIVATED, ADRESS, BLOCKED, EMAIL, FIRST_NAME, LAST_NAME, PASSWORD, PIB, ROLE, USERNAME) VALUES (8, true, 'Adresa5', 'false', 'agent4@gmail.com', 'Agent4', 'Agent4', 'agent4', '44444444', 'AGENT', 'Agent4');


INSERT INTO ACCOMMODATION_TYPE (ID, TYPE) VALUES (0, 'HOTEL');
INSERT INTO ACCOMMODATION_TYPE (ID, TYPE) VALUES (1, 'BED&BREAKFAST');
INSERT INTO ACCOMMODATION_TYPE (ID, TYPE) VALUES (2, 'APARTMENT');

INSERT INTO CATEGORY_TYPE (ID, TYPE) VALUES (0, 'UNCATEGORIZED');
INSERT INTO CATEGORY_TYPE (ID, TYPE) VALUES (1, 'ONE_STAR');
INSERT INTO CATEGORY_TYPE (ID, TYPE) VALUES (2, 'TWO_STARS');
INSERT INTO CATEGORY_TYPE (ID, TYPE) VALUES (3, 'THREE_STARS');
INSERT INTO CATEGORY_TYPE (ID, TYPE) VALUES (4, 'FOUR_STARS');
INSERT INTO CATEGORY_TYPE (ID, TYPE) VALUES (5, 'FIVE_STARS');

INSERT INTO LOCATION (ID, ADRESS, CITY, COUNTRY) VALUES (0, 'Adresa1', 'Grad1', 'Drzava1'); /*Naziv1*/ 
INSERT INTO LOCATION (ID, ADRESS, CITY, COUNTRY) VALUES (1, 'Adresa2', 'Grad2', 'Drzava2'); /*Naziv2*/
INSERT INTO LOCATION (ID, ADRESS, CITY, COUNTRY) VALUES (2, 'Adresa3', 'Grad3', 'Drzava3'); /*Naziv3*/
INSERT INTO LOCATION (ID, ADRESS, CITY, COUNTRY) VALUES (3, 'Adresa4', 'Grad4', 'Drzava4'); /*Naziv4*/
INSERT INTO LOCATION (ID, ADRESS, CITY, COUNTRY) VALUES (4, 'Adresa5', 'Grad5', 'Drzava5'); /*Naziv5*/
  
INSERT INTO ADDITIONAL_SERVICE (ID, SERVICE) VALUES (0, 'PARKING');
INSERT INTO ADDITIONAL_SERVICE (ID, SERVICE) VALUES (1, 'WI-FI');
INSERT INTO ADDITIONAL_SERVICE (ID, SERVICE) VALUES (2, 'BREAKFAST');
INSERT INTO ADDITIONAL_SERVICE (ID, SERVICE) VALUES (3, 'HALF-BOARD');
INSERT INTO ADDITIONAL_SERVICE (ID, SERVICE) VALUES (4, 'All INCLUSIVE');
INSERT INTO ADDITIONAL_SERVICE (ID, SERVICE) VALUES (5, 'TV');
INSERT INTO ADDITIONAL_SERVICE (ID, SERVICE) VALUES (6, 'KITCHEN');
INSERT INTO ADDITIONAL_SERVICE (ID, SERVICE) VALUES (7, 'PRIVATE BATHROOM');



INSERT INTO ACCOMMODATION (ID, BUSY, DESCRIPTION, NUMBER_OF_PERSON, RATING_SUM, TITLE, CATEGORY_ID, LOCATION_ID, OWNER_ID, TYPE_ID) VALUES (0, false, 'Opis1', 7, 0, 'Naziv1', 0, 0, 3, 0);
INSERT INTO ACCOMMODATION (ID, BUSY, DESCRIPTION, NUMBER_OF_PERSON, RATING_SUM, TITLE, CATEGORY_ID, LOCATION_ID, OWNER_ID, TYPE_ID) VALUES (1, true, 'Opis2', 5, 0, 'Naziv2', 2, 1, 5, 0);
INSERT INTO ACCOMMODATION (ID, BUSY, DESCRIPTION, NUMBER_OF_PERSON, RATING_SUM, TITLE, CATEGORY_ID, LOCATION_ID, OWNER_ID, TYPE_ID) VALUES (2, false, 'Opis3', 3, 0, 'Naziv3', 0, 2, 6, 0);
INSERT INTO ACCOMMODATION (ID, BUSY, DESCRIPTION, NUMBER_OF_PERSON, RATING_SUM, TITLE, CATEGORY_ID, LOCATION_ID, OWNER_ID, TYPE_ID) VALUES (3, false, 'Opis4', 2, 0, 'Naziv4', 2, 3, 7, 2);
INSERT INTO ACCOMMODATION (ID, BUSY, DESCRIPTION, NUMBER_OF_PERSON, RATING_SUM, TITLE, CATEGORY_ID, LOCATION_ID, OWNER_ID, TYPE_ID) VALUES (4, false, 'Opis5', 4, 0, 'Naziv5', 2, 4, 8, 2);

INSERT INTO ACCOMMODATION_ADDITIONAL_SERVICES (ACCOMMODATION_ID, ADDITIONAL_SERVICES_ID) VALUES (0,1);
INSERT INTO ACCOMMODATION_ADDITIONAL_SERVICES (ACCOMMODATION_ID, ADDITIONAL_SERVICES_ID) VALUES (0,2);
INSERT INTO ACCOMMODATION_ADDITIONAL_SERVICES (ACCOMMODATION_ID, ADDITIONAL_SERVICES_ID) VALUES (0,3);
INSERT INTO ACCOMMODATION_ADDITIONAL_SERVICES (ACCOMMODATION_ID, ADDITIONAL_SERVICES_ID) VALUES (0,4);
INSERT INTO ACCOMMODATION_ADDITIONAL_SERVICES (ACCOMMODATION_ID, ADDITIONAL_SERVICES_ID) VALUES (1,4);
INSERT INTO ACCOMMODATION_ADDITIONAL_SERVICES (ACCOMMODATION_ID, ADDITIONAL_SERVICES_ID) VALUES (2,4);

INSERT INTO PRICE (ID, END_DATE, PRICE, START_DATE) VALUES (0, '2018-08-20', 2400, '2018-07-20');
INSERT INTO PRICE (ID, END_DATE, PRICE, START_DATE) VALUES (1, '2018-08-20', 2100, '2018-07-21');
INSERT INTO PRICE (ID, END_DATE, PRICE, START_DATE) VALUES (2, '2018-08-20', 1000, '2018-07-21');
INSERT INTO PRICE (ID, END_DATE, PRICE, START_DATE) VALUES (3, '2018-08-20', 1000, '2018-07-19');
INSERT INTO PRICE (ID, END_DATE, PRICE, START_DATE) VALUES (4, '2018-08-20', 1300, '2018-07-20');
INSERT INTO PRICE (ID, END_DATE, PRICE, START_DATE) VALUES (5, '2018-08-21', 1300, '2018-07-20');
INSERT INTO PRICE (ID, END_DATE, PRICE, START_DATE) VALUES (6, '2018-08-21', 1600, '2018-07-21');
INSERT INTO PRICE (ID, END_DATE, PRICE, START_DATE) VALUES (7, '2018-08-16', 1200, '2018-7-15');
INSERT INTO PRICE (ID, END_DATE, PRICE, START_DATE) VALUES (8, '2018-08-15', 1400, '2018-07-16');

INSERT INTO PRICE (ID, END_DATE, PRICE, START_DATE) VALUES (9, '2018-07-20', 1800, '2018-06-21');
INSERT INTO PRICE (ID, END_DATE, PRICE, START_DATE) VALUES (10, '2018-06-21', 1100, '2018-05-21');
INSERT INTO PRICE (ID, END_DATE, PRICE, START_DATE) VALUES (11, '2018-07-22', 1700, '2018-06-22');
INSERT INTO PRICE (ID, END_DATE, PRICE, START_DATE) VALUES (12, '2018-07-21', 1600, '2018-06-21');
INSERT INTO PRICE (ID, END_DATE, PRICE, START_DATE) VALUES (13, '2018-06-19', 1200, '2018-05-19');
INSERT INTO PRICE (ID, END_DATE, PRICE, START_DATE) VALUES (14, '2018-06-14', 1400, '2018-05-14');

INSERT INTO ACCOMMODATION_PRICES (ACCOMMODATION_ID, PRICES_ID) VALUES (0,0);
INSERT INTO ACCOMMODATION_PRICES (ACCOMMODATION_ID, PRICES_ID) VALUES (0,1);
INSERT INTO ACCOMMODATION_PRICES (ACCOMMODATION_ID, PRICES_ID) VALUES (0,9);
INSERT INTO ACCOMMODATION_PRICES (ACCOMMODATION_ID, PRICES_ID) VALUES (1,2);
INSERT INTO ACCOMMODATION_PRICES (ACCOMMODATION_ID, PRICES_ID) VALUES (1,10);
INSERT INTO ACCOMMODATION_PRICES (ACCOMMODATION_ID, PRICES_ID) VALUES (1,11);
INSERT INTO ACCOMMODATION_PRICES (ACCOMMODATION_ID, PRICES_ID) VALUES (2,3);
INSERT INTO ACCOMMODATION_PRICES (ACCOMMODATION_ID, PRICES_ID) VALUES (2,4);
INSERT INTO ACCOMMODATION_PRICES (ACCOMMODATION_ID, PRICES_ID) VALUES (2,12);
INSERT INTO ACCOMMODATION_PRICES (ACCOMMODATION_ID, PRICES_ID) VALUES (3,5);
INSERT INTO ACCOMMODATION_PRICES (ACCOMMODATION_ID, PRICES_ID) VALUES (3,6);
INSERT INTO ACCOMMODATION_PRICES (ACCOMMODATION_ID, PRICES_ID) VALUES (3,13);
INSERT INTO ACCOMMODATION_PRICES (ACCOMMODATION_ID, PRICES_ID) VALUES (4,7);
INSERT INTO ACCOMMODATION_PRICES (ACCOMMODATION_ID, PRICES_ID) VALUES (4,8);
INSERT INTO ACCOMMODATION_PRICES (ACCOMMODATION_ID, PRICES_ID) VALUES (4,14);

INSERT INTO MESSAGE (ID, CONTENT, UNREAD, RECEIVER_ID, SENDER_ID) VALUES (1, 'Lep smestaj', true, 2, 1);
INSERT INTO MESSAGE (ID, CONTENT, UNREAD, RECEIVER_ID, SENDER_ID) VALUES (2, 'Odlicna usluga i okruzenje', true, 2, 0);
INSERT INTO MESSAGE (ID, CONTENT, UNREAD, RECEIVER_ID, SENDER_ID) VALUES (3, 'Lep pogled, odlicna hrana, udaljenost od centra velika', true, 1, 2);
INSERT INTO MESSAGE (ID, CONTENT, UNREAD, RECEIVER_ID, SENDER_ID) VALUES (4, 'Ljubazno osoblje i okej smestaj', true, 1, 2);
INSERT INTO MESSAGE (ID, CONTENT, UNREAD, RECEIVER_ID, SENDER_ID) VALUES (5, 'Odlican smestaj.', true, 5, 0);
INSERT INTO MESSAGE (ID, CONTENT, UNREAD, RECEIVER_ID, SENDER_ID) VALUES (6, 'Male sobe.', true, 6, 0);
INSERT INTO MESSAGE (ID, CONTENT, UNREAD, RECEIVER_ID, SENDER_ID) VALUES (7, 'Pristojan smestaj, centar je blizu.', true, 7, 0);
INSERT INTO MESSAGE (ID, CONTENT, UNREAD, RECEIVER_ID, SENDER_ID) VALUES (8, 'Nije lose, centar je daleko.', true, 8, 0);
INSERT INTO MESSAGE (ID, CONTENT, UNREAD, RECEIVER_ID, SENDER_ID) VALUES (9, 'Super', true, 7, 0);


INSERT INTO RESERVATION (ID, BILL, CONFIRMED, END_DATE, START_DATE, ACCOMMODATION_ID, RESERVED_BY_ID) VALUES (0, 2400, true, '2018-08-20', '2018-07-20', 0, 2);
INSERT INTO RESERVATION (ID, BILL, CONFIRMED, END_DATE, START_DATE, ACCOMMODATION_ID, RESERVED_BY_ID) VALUES (1, 2100, false, '2018-08-20', '2018-07-21', 0, 2);
INSERT INTO RESERVATION (ID, BILL, CONFIRMED, END_DATE, START_DATE, ACCOMMODATION_ID, RESERVED_BY_ID) VALUES (2, 1700, false, '2018-08-22', '2018-07-22', 1, 2);
INSERT INTO RESERVATION (ID, BILL, CONFIRMED, END_DATE, START_DATE, ACCOMMODATION_ID, RESERVED_BY_ID) VALUES (3, 1100, true, '2018-08-21', '2018-07-21', 1, 1);
INSERT INTO RESERVATION (ID, BILL, CONFIRMED, END_DATE, START_DATE, ACCOMMODATION_ID, RESERVED_BY_ID) VALUES (4, 1000, false, '2018-08-20', '2018-07-19', 2, 1);
INSERT INTO RESERVATION (ID, BILL, CONFIRMED, END_DATE, START_DATE, ACCOMMODATION_ID, RESERVED_BY_ID) VALUES (5, 1200, false, '2018-08-16', '2018-07-15', 4, 0);
INSERT INTO RESERVATION (ID, BILL, CONFIRMED, END_DATE, START_DATE, ACCOMMODATION_ID, RESERVED_BY_ID) VALUES (6, 1600, false, '2018-08-21', '2018-07-21', 3, 0);
INSERT INTO RESERVATION (ID, BILL, CONFIRMED, END_DATE, START_DATE, ACCOMMODATION_ID, RESERVED_BY_ID) VALUES (7, 1300, false, '2018-08-21', '2018-07-20', 3, 0);


